{
  "project_info": {
    "project_number": "207755062367",
    "project_id": "health-and-wellness-flutter",
    "storage_bucket": "health-and-wellness-flutter.appspot.com"
  },
  "client": [
    {
      "client_info": {
        "mobilesdk_app_id": "1:207755062367:android:4b9619d43645f535b97fea",
        "android_client_info": {
          "package_name": "com.wellness.customer"
        }
      },
      "oauth_client": [],
      "api_key": [
        {
          "current_key": "AIzaSyCSW1Dwh0W1yt3A3pD8sFqlrnEKrheTCpQ"
        }
      ],
      "services": {
        "appinvite_service": {
          "other_platform_oauth_client": []
        }
      }
    },
    {
      "client_info": {
        "mobilesdk_app_id": "1:207755062367:android:c67ae2d1a7aeb1dab97fea",
        "android_client_info": {
          "package_name": "com.wellness.vendor"
        }
      },
      "oauth_client": [],
      "api_key": [
        {
          "current_key": "AIzaSyCSW1Dwh0W1yt3A3pD8sFqlrnEKrheTCpQ"
        }
      ],
      "services": {
        "appinvite_service": {
          "other_platform_oauth_client": []
        }
      }
    }
  ],
  "configuration_version": "1"
}